{"miou":85.28977907232101,"_timestamp":1.7386333352544072e+09,"valid_acc":0.9176080601068475,"_wandb":{"runtime":70896},"_step":499,"learning_rate":1e-08,"train_acc":0.9887412582609911,"_runtime":70896.154120892,"train_loss":1.1794884927729343,"valid_loss":1.1940102875232697}