{"_timestamp":1.7387286099173424e+09,"miou":87.9317419128985,"_step":499,"train_loss":1.1512976519266764,"train_acc":0.9880183075287688,"_runtime":40204.310421897,"_wandb":{"runtime":40204},"valid_acc":0.9333875616894012,"learning_rate":1e-08,"valid_loss":1.1525226330757141}