{"valid_loss":1.1544278120994569,"_runtime":9446.660152697,"valid_acc":0.9193730784758668,"train_acc":0.9906473957283013,"_timestamp":1.7389088411092653e+09,"_step":499,"train_loss":1.1472243841489156,"_wandb":{"runtime":9446},"learning_rate":1e-08,"miou":85.73997593051156}