{"learning_rate":1e-08,"_timestamp":1.7387221080356808e+09,"train_loss":1.1791555306590196,"valid_acc":0.9082411212512365,"train_acc":0.9895757708967445,"_runtime":39661.25875515,"_step":499,"_wandb":{"runtime":39661},"miou":83.76482806444689,"valid_loss":1.194492777188619}