{"_timestamp":1.7385128340438447e+09,"valid_acc":0.9325015287482654,"train_loss":1.1501700242360433,"_runtime":27476.943204079,"miou":87.74840357943059,"_step":499,"learning_rate":1e-08,"_wandb":{"runtime":27476},"valid_loss":1.1526838357631977,"train_acc":0.9924783018988139}