{"_wandb":{"runtime":617},"valid_loss":1.1159734106063843,"_step":9,"miou":75.38663664046396,"valid_acc":0.8501881623114882,"_runtime":617.240864572,"train_acc":0.8653597813837786,"_timestamp":1.7378270876461835e+09,"learning_rate":9.93181333636191e-05,"train_loss":1.1119406294822693}