{"valid_loss":1.1517457611420576,"valid_acc":0.9377466997691105,"train_loss":1.150396353006363,"_runtime":36024.789018557,"_wandb":{"runtime":36024},"_timestamp":1.7385251578903236e+09,"miou":88.62556639319345,"train_acc":0.9921422032148597,"_step":499,"learning_rate":1e-08}