{"valid_loss":1.1521476912498474,"train_acc":0.991932387953902,"_timestamp":1.73898795521305e+09,"valid_acc":0.9391487483044257,"_step":499,"train_loss":1.1510474741458894,"learning_rate":1e-08,"miou":88.88713277693509,"_runtime":77660.89299188,"_wandb":{"runtime":77660}}