{"miou":84.83321073352764,"train_acc":0.9851286678012199,"_runtime":20516.233610498,"_timestamp":1.738697086420054e+09,"valid_loss":1.1545919609069824,"valid_acc":0.9144182878041547,"_wandb":{"runtime":20516},"train_loss":1.1509545373916625,"_step":499,"learning_rate":1e-08}