{"valid_acc":0.938277679274401,"_wandb":{"runtime":42166},"learning_rate":1e-08,"_runtime":42166.857011935,"miou":88.72641830112326,"train_acc":0.9911160797702595,"_step":499,"valid_loss":1.1523679351806642,"train_loss":1.1507341543833414,"_timestamp":1.7386050191887317e+09}