{"train_acc":0.9923426017175637,"_step":999,"_runtime":57856.830982655,"learning_rate":1e-08,"miou":83.8703984560744,"train_loss":1.0988873593012491,"valid_loss":1.1096645154451068,"_wandb":{"runtime":57856},"valid_acc":0.9083674069840085,"_timestamp":1.737884983932241e+09}