{"_runtime":54348.170405189,"train_loss":1.1791188615433714,"miou":84.3755439062687,"_wandb":{"runtime":54348},"train_acc":0.990629035596088,"_timestamp":1.7386168284305606e+09,"valid_acc":0.9120583468670278,"_step":499,"learning_rate":1e-08,"valid_loss":1.1944954792658489}