{"train_acc":0.9182491424512711,"learning_rate":9.996301265945735e-05,"valid_loss":1.1517559014833891,"valid_acc":0.9220674142397054,"_runtime":1200.611387621,"_wandb":{"runtime":1200},"miou":86.027527858561,"train_loss":1.1575810194015503,"_timestamp":1.7384871205095873e+09,"_step":15}