{"_timestamp":1.7387276875420556e+09,"train_acc":0.9889854031295158,"learning_rate":1e-08,"miou":87.03786026784448,"valid_acc":0.9278285815392264,"_step":499,"train_loss":1.15130065202713,"_runtime":39088.2503706,"valid_loss":1.1530830550193787,"_wandb":{"runtime":39088}}