{"valid_acc":0.9381666639739862,"_runtime":61061.281294496,"miou":88.72703785821984,"train_acc":0.9927483183108001,"_step":499,"valid_loss":1.152403929233551,"_wandb":{"runtime":61061},"_timestamp":1.738971315636849e+09,"train_loss":1.1509908823172252,"learning_rate":1e-08}