{"train_loss":1.1546116511027018,"valid_acc":0.9121441262956306,"learning_rate":1e-08,"train_acc":0.9928984031279015,"valid_loss":1.157201371192932,"_wandb":{"runtime":9441},"_step":499,"miou":84.61791892902454,"_runtime":9441.182533787,"_timestamp":1.7389087434821143e+09}