{"_timestamp":1.7384834721733656e+09,"train_loss":1.1568128728866578,"_runtime":680.752333694,"learning_rate":9.99342510347233e-05,"miou":84.96887223593843,"train_acc":0.9207097648759744,"_wandb":{"runtime":680},"_step":17,"valid_loss":1.1519293601696308,"valid_acc":0.9155864658353607}